1,1,Susan\U\2ouston,Director of Services,s@abc.com,
2,1,Christina Gonzalez,Director,cgonzalez@abc.com,
3,2,Brenda\U\2rown,Director, Second Career Services,b@abc.com,
4,3,Howard Lader,Manager, Senior Counseling,hlader@abc.com,
5,4,Kimberly Pesavento,Commercial director,kpesavento@abc.com,
6,5,Joe Bloom,Financial Empowerment Programs Program Director,jbloom@abc.com,
7,6,\U\2eter Olson,Director,\olson@abc.com,
8,6,Bart\U\2harlow,Executive Director,b_6@abc.com,
9,7,Bart Charlow,Executive Director,bcharlow@abc.com,
10,7,Barbara Kalt,Director,bkalt@abc.com,
11,8,Marilyn Baker-Venturini,Director,mbaker-venturini@abc.com,
12,8,Graciela Hernandez,Assistant Manager,ghernandez@abc.com,
13,8,Julie\U\2velino,Assessment Specialist,j@abc.com,
14,9,Dave Genesy,Library Director,dgenesy@abc.com,
15,9,\U\2aria\U\2ramer,Library Divisions Manager,\_9@abc.com,
16,10,Dave Genesy,Tester,dgenesy_10@abc.com,
17,10,Maria\U\2ramer,Library Division Manager,m_10@abc.com,
18,11,Dave Genesy,Head of office,dgenesy_11@abc.com,
19,11,Elizabeth Meeks,Branch Manager,emeeks@abc.com,
20,12,Kathy Endaya,Director,kendaya@abc.com,
21,13,\U\2ave\U\2enesy,Library Director,\_13@abc.com,
22,14,Andres Espinoza,Manager, Commanding Officer,aespinoza@abc.com,
23,15,Jack Phillips,Administrator,jphillips@abc.com,
24,16,James Lee,Commanding Officer,jlee@abc.com,
25,17,Kenneth Gibson,Tester,kgibson@abc.com,
26,18,Sharon Petersen,Administrator,spetersen@abc.com,
27,19,Sharon Petersen,Administrator,spetersen_19@abc.com,
28,21,Moncef Salah,Tester,msalah@abc.com,Office of Innovation
29,22,Suzanne Badenhoop,Tester,sbadenhoop@abc.com,Referrals
30,20,Sean Houston,Director of new Services,shouston@abc.com,
31,8,David Genesy,Account Manager,dgenesy_8@abc.com,
32,8,Elizabeth Feeney,CEO,efeeney@abc.com,Operations
33,8,Erika Meeks,Tester,emeeks_8@abc.com,Operations
